reporting_area,population,nearest_agency,nearest_agency_province,province_service_distance_km,service_area_band
BULACAN,3708890,Standpro Testing Center Opc.,METROPOLITAN MANILA,33.34475455433272,No local lab; nearest <= 50 km
RIZAL,3330143,Philippine Institute of Pure and Applied Chemistry,METROPOLITAN MANILA,20.82298832533136,No local lab; nearest <= 50 km
PANGASINAN,3163190,DOST-CAR,BENGUET,61.68240032790915,No local lab; nearest 50-100 km
NUEVA ECIJA,2310134,DOST-III,PAMPANGA,75.45742893464347,No local lab; nearest 50-100 km
QUEZON,2229383,International Rice Research Institute,LAGUNA,78.69626108502712,No local lab; nearest 50-100 km
CAMARINES SUR,2068244,DOST-V,ALBAY,82.27622898850014,No local lab; nearest 50-100 km
ISABELA,1697050,DOST-II,CAGAYAN,80.86582493686785,No local lab; nearest 50-100 km
BUKIDNON,1541308,F.A.S.T. Laboratories (The First Analytical Services and Technical Cooperative) - Cagayan de Oro Branch,MISAMIS ORIENTAL,64.85262244328598,No local lab; nearest 50-100 km
TARLAC,1503456,DOST-III,PAMPANGA,51.655321394941154,No local lab; nearest 50-100 km
NEGROS ORIENTAL,1432990,Negros Prawn Producers Cooperative Analytical and Diagnostic Laboratory,NEGROS OCCIDENTAL,124.46242768195087,No local lab; nearest 100-200 km
BOHOL,1394329,"GCH Center For Food Safety and Quality, Inc.",CEBU,61.13142036782159,No local lab; nearest 50-100 km
COTABATO (NORTH COTABATO),1275185,DOST-ARMM,MAGUINDANAO,67.2794225964731,No local lab; nearest 50-100 km
LANAO DEL SUR,1195518,DOST-ARMM,MAGUINDANAO,67.29973539420052,No local lab; nearest 50-100 km
LANAO DEL NORTE,1086017,DOST-X,MISAMIS ORIENTAL,83.28016417644261,No local lab; nearest 50-100 km
ZAMBOANGA DEL NORTE,1047455,DOST-IX,ZAMBOANGA DEL SUR,152.13214864661796,No local lab; nearest 100-200 km
SULU,1000108,DOST-IX,ZAMBOANGA DEL SUR,156.02891072905712,No local lab; nearest 100-200 km
ZAMBALES,909932,DOST-III,PAMPANGA,62.61895062634227,No local lab; nearest 50-100 km
MASBATE,908920,DOST-V,ALBAY,101.97113789866353,No local lab; nearest 100-200 km
ORIENTAL MINDORO,908339,DOST-CALABARZON-L3,BATANGAS,95.25654854193692,No local lab; nearest 50-100 km
SULTAN KUDARAT,854052,DOST-XII-L1,MAGUINDANAO,76.94277238081038,No local lab; nearest 50-100 km
BATAAN,853373,DOST-III,PAMPANGA,51.90665956357,No local lab; nearest 50-100 km
SORSOGON,828655,DOST-V,ALBAY,40.77509703430037,No local lab; nearest <= 50 km
CAPIZ,804952,DOST-VI,ILOILO,75.04574993879133,No local lab; nearest 50-100 km
SAMAR (WESTERN SAMAR),793183,DOST-VIII,LEYTE,76.20200494521318,No local lab; nearest 50-100 km
COMPOSTELA VALLEY,767547,TADECO Disease Diagnostics and Services Laboratory,DAVAO DEL NORTE,53.20749209213655,No local lab; nearest 50-100 km
AGUSAN DEL SUR,739367,DOST-CARAGA,AGUSAN DEL NORTE,63.331107731221444,No local lab; nearest 50-100 km
ILOCOS SUR,706009,DOST-I,LA UNION,78.81157253394643,No local lab; nearest 50-100 km
COTABATO CITY,697315,DOST-ARMM,MAGUINDANAO,2.037116866130375,No local lab; nearest <= 50 km
ZAMBOANGA SIBUGAY,669840,DOST-IX,ZAMBOANGA DEL SUR,114.30418797470747,No local lab; nearest 100-200 km
SURIGAO DEL SUR,642255,DOST-CARAGA,AGUSAN DEL NORTE,67.60820197529122,No local lab; nearest 50-100 km
NORTHERN SAMAR,639186,DOST-VIII,LEYTE,142.0857802294151,No local lab; nearest 100-200 km
CAMARINES NORTE,629699,DOST-V,ALBAY,159.71624404953673,No local lab; nearest 100-200 km
MISAMIS OCCIDENTAL,617333,DOST-X,MISAMIS ORIENTAL,105.84860315832522,No local lab; nearest 100-200 km
AKLAN,615475,DOST-VI,ILOILO,107.78512536156451,No local lab; nearest 100-200 km
ANTIQUE,612974,DOST-VI,ILOILO,72.59824220380732,No local lab; nearest 50-100 km
ILOCOS NORTE,609588,DOST-II,CAGAYAN,130.89455627935493,No local lab; nearest 100-200 km
DAVAO ORIENTAL,576343,DOST-XI,DAVAO DEL SUR,77.46035611786856,No local lab; nearest 50-100 km
SARANGANI,558946,Analytical Solutions & Technical Services,SOUTH COTABATO,7.158627703286667,No local lab; nearest <= 50 km
SURIGAO DEL NORTE,534636,DOST-CARAGA,AGUSAN DEL NORTE,84.59624251641102,No local lab; nearest 50-100 km
OCCIDENTAL MINDORO,525354,DOST-CALABARZON-L3,BATANGAS,93.3689198058722,No local lab; nearest 50-100 km
NUEVA VIZCAYA,497432,DOST-CAR,BENGUET,67.39461397371798,No local lab; nearest 50-100 km
EASTERN SAMAR,477168,DOST-VIII,LEYTE,67.85501567794391,No local lab; nearest 50-100 km
TAWI-TAWI,440276,DOST-IX,ZAMBOANGA DEL SUR,305.80392038699443,No local lab; nearest > 200 km
SOUTHERN LEYTE,429573,DOST-VIII,LEYTE,100.72923801510682,No local lab; nearest 100-200 km
BASILAN,426207,DOST-IX,ZAMBOANGA DEL SUR,38.26296845357761,No local lab; nearest <= 50 km
DAVAO OCCIDENTAL,317159,Analytical Solutions & Technical Services,SOUTH COTABATO,40.22817367923651,No local lab; nearest <= 50 km
ROMBLON,308985,DOST-V,ALBAY,188.42489392400688,No local lab; nearest 100-200 km
CATANDUANES,271879,DOST-V,ALBAY,88.79514314300171,No local lab; nearest 50-100 km
ABRA,250985,DOST-II,CAGAYAN,106.01781680007936,No local lab; nearest 100-200 km
MARINDUQUE,239207,DOST-CALABARZON-L3,BATANGAS,110.36584460372416,No local lab; nearest 100-200 km
AURORA,235750,DOST-CAR,BENGUET,138.58235599831346,No local lab; nearest 100-200 km
KALINGA,229570,DOST-II,CAGAYAN,58.64025441250997,No local lab; nearest 50-100 km
IFUGAO,207498,DOST-CAR,BENGUET,82.30505289684221,No local lab; nearest 50-100 km
QUIRINO,203828,DOST-CAR,BENGUET,113.76654586091198,No local lab; nearest 100-200 km
GUIMARAS,187842,DOST-VI,ILOILO,17.128128684738634,No local lab; nearest <= 50 km
BILIRAN,179312,DOST-VIII,LEYTE,75.7425502780615,No local lab; nearest 50-100 km
MOUNTAIN PROVINCE,158200,DOST-II,CAGAYAN,94.5583415159965,No local lab; nearest 50-100 km
CITY OF ISABELA,130379,DOST-IX,ZAMBOANGA DEL SUR,30.129442956076424,No local lab; nearest <= 50 km
DINAGAT ISLANDS,128117,DOST-VIII,LEYTE,132.1756003391849,No local lab; nearest 100-200 km
APAYAO,124366,DOST-II,CAGAYAN,82.31253256415624,No local lab; nearest 50-100 km
SIQUIJOR,103395,"GCH Center For Food Safety and Quality, Inc.",CEBU,133.00326210983087,No local lab; nearest 100-200 km
CAMIGUIN,92808,F.A.S.T. Laboratories (The First Analytical Services and Technical Cooperative) - Cagayan de Oro Branch,MISAMIS ORIENTAL,77.81377917118452,No local lab; nearest 50-100 km
BATANES,18831,DOST-II,CAGAYAN,342.08948969384784,No local lab; nearest > 200 km
