reporting_area,population,agency_count,service_count,unique_test_count,avg_services_per_agency,avg_fee,min_fee,max_fee,labs_per_100k_population,services_per_100k_population,unique_tests_per_100k_population,area_sq_km,population_density_per_sq_km,agency_count_norm,service_count_norm,unique_test_count_norm,labs_per_100k_norm,services_per_100k_norm,unique_tests_per_100k_norm,population_norm,supply_score,per_capita_supply_score,gap_score,classification,nearest_agency,nearest_agency_province,centroid_nearest_lab_km,province_service_distance_km,service_area_band
ABRA,250985,0,0,0,0.0,,,,0.0,0.0,0.0,3926.64594495706,63.91841880277919,0.0,0.0,0.0,0.0,0.0,0.0,0.017240484311503858,0.0,0.0,0.017240484311503858,No local OneLab presence,DOST-II,CAGAYAN,106.01781680007936,106.01781680007936,No local lab; nearest 100-200 km
AGUSAN DEL NORTE,760413,1,40,40,40.0,1654.0,80.0,19000.0,0.13150748343334479,5.260299337333791,5.260299337333791,2676.075825306995,284.1522623570529,0.038461538461538464,0.02888086642599278,0.029476787030213707,0.42760797969875153,0.3252531553315354,0.344126645969729,0.055072205676807866,0.03283231936105524,0.36996978320606055,0.022239886315752626,Laboratory/service hotspot,DOST-CARAGA,AGUSAN DEL NORTE,9.287009706229824,0.0,Local OneLab presence
AGUSAN DEL SUR,739367,0,0,0,0.0,,,,0.0,0.0,0.0,8452.3251502206,87.47498313889439,0.0,0.0,0.0,0.0,0.0,0.0,0.05350926369510645,0.0,0.0,0.05350926369510645,No local OneLab presence,DOST-CARAGA,AGUSAN DEL NORTE,63.331107731221444,63.331107731221444,No local lab; nearest 50-100 km
AKLAN,615475,0,0,0,0.0,,,,0.0,0.0,0.0,1684.8723451926687,365.29473687196116,0.0,0.0,0.0,0.0,0.0,0.0,0.044308655123551206,0.0,0.0,0.044308655123551206,No local OneLab presence,DOST-VI,ILOILO,107.78512536156451,107.78512536156451,No local lab; nearest 100-200 km
ALBAY,1374768,1,31,31,31.0,782.4193548387096,0.0,2000.0,0.07273954587246721,2.2549259220464832,2.2549259220464832,2469.428824227988,556.7149725118279,0.038461538461538464,0.022382671480144403,0.022844509948415623,0.23651893749830277,0.139425862322928,0.14751633789292382,0.10069613522010219,0.02890658596635627,0.17988118750707707,0.07178954925374592,Laboratory/service hotspot,DOST-V,ALBAY,15.92649623254759,0.0,Local OneLab presence
ANTIQUE,612974,0,0,0,0.0,,,,0.0,0.0,0.0,2736.4989757964286,223.99935297677226,0.0,0.0,0.0,0.0,0.0,0.0,0.044122923017866744,0.0,0.0,0.044122923017866744,No local OneLab presence,DOST-VI,ILOILO,72.59824220380732,72.59824220380732,No local lab; nearest 50-100 km
APAYAO,124366,0,0,0,0.0,,,,0.0,0.0,0.0,3988.8129619003053,31.178699324309996,0.0,0.0,0.0,0.0,0.0,0.0,0.00783736016529786,0.0,0.0,0.00783736016529786,No local OneLab presence,DOST-II,CAGAYAN,82.31253256415624,82.31253256415624,No local lab; nearest 50-100 km
AURORA,235750,0,0,0,0.0,,,,0.0,0.0,0.0,3030.438178124845,77.794030481056,0.0,0.0,0.0,0.0,0.0,0.0,0.016109085419019724,0.0,0.0,0.016109085419019724,No local OneLab presence,DOST-CAR,BENGUET,138.58235599831346,138.58235599831346,No local lab; nearest 100-200 km
BASILAN,426207,0,0,0,0.0,,,,0.0,0.0,0.0,1133.8552561862737,375.8918942031003,0.0,0.0,0.0,0.0,0.0,0.0,0.03025301970624325,0.0,0.0,0.03025301970624325,No local OneLab presence,DOST-IX,ZAMBOANGA DEL SUR,38.26296845357761,38.26296845357761,No local lab; nearest <= 50 km
BATAAN,853373,0,0,0,0.0,,,,0.0,0.0,0.0,1244.9536405682027,685.4656849796564,0.0,0.0,0.0,0.0,0.0,0.0,0.06197570689409208,0.0,0.0,0.06197570689409208,No local OneLab presence,DOST-III,PAMPANGA,51.90665956357,51.90665956357,No local lab; nearest 50-100 km
BATANES,18831,0,0,0,0.0,,,,0.0,0.0,0.0,201.37482113879474,93.51218734054642,0.0,0.0,0.0,0.0,0.0,0.0,0.0,0.0,0.0,0.0,No local OneLab presence,DOST-II,CAGAYAN,342.08948969384784,342.08948969384784,No local lab; nearest > 200 km
BATANGAS,2908494,2,47,47,23.5,53.191489361702125,0.0,1500.0,0.06876410953572536,1.615956574089546,1.615956574089546,2963.310571507893,981.5015773118915,0.07692307692307693,0.03393501805054152,0.034635224760501106,0.2235924617115708,0.09991731285538656,0.10571522269225618,0.2145954393076715,0.051270282941547604,0.1505469543652342,0.16332515636612388,Potentially underserved,DOST-CALABARZON-L3,BATANGAS,14.149506754499063,0.0,Local OneLab presence
BENGUET,827041,1,72,69,72.0,915.7083333333334,90.0,4626.0,0.12091298980340758,8.705735265845345,8.342996296435121,2827.8608457404325,292.46170342708353,0.038461538461538464,0.05198555956678701,0.05084745762711865,0.39315906547156276,0.5382902536745021,0.5457954288748316,0.060020209970108346,0.04634833073675392,0.48173881343339225,0.013671879233354424,Laboratory/service hotspot,DOST-CAR,BENGUET,15.55877204440059,0.0,Local OneLab presence
BILIRAN,179312,0,0,0,0.0,,,,0.0,0.0,0.0,531.8282715608156,337.1614665646735,0.0,0.0,0.0,0.0,0.0,0.0,0.011917822491942636,0.0,0.0,0.011917822491942636,No local OneLab presence,DOST-VIII,LEYTE,75.7425502780615,75.7425502780615,No local lab; nearest 50-100 km
BOHOL,1394329,0,0,0,0.0,,,,0.0,0.0,0.0,3967.700542063109,351.41991821665613,0.0,0.0,0.0,0.0,0.0,0.0,0.10214879644333043,0.0,0.0,0.10214879644333043,No local OneLab presence,"GCH Center For Food Safety and Quality, Inc.",CEBU,61.13142036782159,61.13142036782159,No local lab; nearest 50-100 km
BUKIDNON,1541308,0,0,0,0.0,,,,0.0,0.0,0.0,9358.460975686949,164.6967384919679,0.0,0.0,0.0,0.0,0.0,0.0,0.11306391805924282,0.0,0.0,0.11306391805924282,No local OneLab presence,F.A.S.T. Laboratories (The First Analytical Services and Technical Cooperative) - Cagayan de Oro Branch,MISAMIS ORIENTAL,64.85262244328598,64.85262244328598,No local lab; nearest 50-100 km
BULACAN,3708890,0,0,0,0.0,,,,0.0,0.0,0.0,2688.99549140999,1379.284573681164,0.0,0.0,0.0,0.0,0.0,0.0,0.27403535712511357,0.0,0.0,0.27403535712511357,No local OneLab presence,Standpro Testing Center Opc.,METROPOLITAN MANILA,33.34475455433272,33.34475455433272,No local lab; nearest <= 50 km
CAGAYAN,1268603,1,13,13,13.0,722.6923076923077,0.0,1920.0,0.07882686703405242,1.0247492714426816,1.0247492714426816,8797.497376684005,144.2004408392524,0.038461538461538464,0.009386281588447653,0.009579955784819455,0.2563123898230311,0.06336197098041203,0.06703868109532955,0.09281198927848239,0.02105511917695834,0.14127748054044317,0.07175687010152404,Well-served per capita,DOST-II,CAGAYAN,51.852564690038335,0.0,Local OneLab presence
CAMARINES NORTE,629699,0,0,0,0.0,,,,0.0,0.0,0.0,2121.3724719918396,296.8356610231446,0.0,0.0,0.0,0.0,0.0,0.0,0.04536497398450916,0.0,0.0,0.04536497398450916,No local OneLab presence,DOST-V,ALBAY,159.71624404953673,159.71624404953673,No local lab; nearest 100-200 km
CAMARINES SUR,2068244,0,0,0,0.0,,,,0.0,0.0,0.0,5262.60782936201,393.0074341585006,0.0,0.0,0.0,0.0,0.0,0.0,0.1521958384274751,0.0,0.0,0.1521958384274751,No local OneLab presence,DOST-V,ALBAY,82.27622898850014,82.27622898850014,No local lab; nearest 50-100 km
CAMIGUIN,92808,0,0,0,0.0,,,,0.0,0.0,0.0,242.53308836927164,382.66118913512565,0.0,0.0,0.0,0.0,0.0,0.0,0.005493764087252948,0.0,0.0,0.005493764087252948,No local OneLab presence,F.A.S.T. Laboratories (The First Analytical Services and Technical Cooperative) - Cagayan de Oro Branch,MISAMIS ORIENTAL,77.81377917118452,77.81377917118452,No local lab; nearest 50-100 km
CAPIZ,804952,0,0,0,0.0,,,,0.0,0.0,0.0,2651.0337042284737,303.6370298559686,0.0,0.0,0.0,0.0,0.0,0.0,0.058379811536496136,0.0,0.0,0.058379811536496136,No local OneLab presence,DOST-VI,ILOILO,75.04574993879133,75.04574993879133,No local lab; nearest 50-100 km
CATANDUANES,271879,0,0,0,0.0,,,,0.0,0.0,0.0,1460.5542907095898,186.14782191212583,0.0,0.0,0.0,0.0,0.0,0.0,0.018792138296378387,0.0,0.0,0.018792138296378387,No local OneLab presence,DOST-V,ALBAY,88.79514314300171,88.79514314300171,No local lab; nearest 50-100 km
CAVITE,4344829,2,14,14,7.0,2996.4285714285716,200.0,6720.0,0.04603173105316688,0.32222211737216816,0.32222211737216816,1245.1802352122156,3489.317351121874,0.07692307692307693,0.010108303249097473,0.010316875460574797,0.1496761629360634,0.019923535462912718,0.021079640035228733,0.3212621822178255,0.03687592716098472,0.0720558073666362,0.2843862550568408,Potentially underserved,DOST-CALABARZON-L2,LAGUNA,2.6375920675265805,0.0,Local OneLab presence
CEBU,5151274,4,48,45,12.0,1027.3333333333333,0.0,7200.0,0.07765069378953633,0.931808325474436,0.8735703051322837,4864.632396457794,1058.9235897353572,0.15384615384615385,0.034657039711191336,0.03316138540899042,0.2524879605834725,0.05761527597369945,0.05714861452662039,0.38115131775109534,0.08203355450473616,0.13547101752819285,0.2991177632463592,Potentially underserved,DOST-VII,CEBU,16.134048806572128,0.0,Local OneLab presence
CITY OF ISABELA,130379,0,0,0,0.0,,,,0.0,0.0,0.0,219.86967547974442,592.9830919862854,0.0,0.0,0.0,0.0,0.0,0.0,0.008283904408192976,0.0,0.0,0.008283904408192976,No local OneLab presence,DOST-IX,ZAMBOANGA DEL SUR,30.129442956076424,30.129442956076424,No local lab; nearest <= 50 km
COMPOSTELA VALLEY,767547,0,0,0,0.0,,,,0.0,0.0,0.0,4351.492390027093,176.38707165364502,0.0,0.0,0.0,0.0,0.0,0.0,0.055601998896301255,0.0,0.0,0.055601998896301255,No local OneLab presence,TADECO Disease Diagnostics and Services Laboratory,DAVAO DEL NORTE,53.20749209213655,53.20749209213655,No local lab; nearest 50-100 km
COTABATO (NORTH COTABATO),1275185,0,0,0,0.0,,,,0.0,0.0,0.0,5859.710231462316,217.61912272610314,0.0,0.0,0.0,0.0,0.0,0.0,0.09330078924634129,0.0,0.0,0.09330078924634129,No local OneLab presence,DOST-ARMM,MAGUINDANAO,67.2794225964731,67.2794225964731,No local lab; nearest 50-100 km
COTABATO CITY,697315,0,0,0,0.0,,,,0.0,0.0,0.0,86.10734308857582,8098.20597161725,0.0,0.0,0.0,0.0,0.0,0.0,0.05038635025718438,0.0,0.0,0.05038635025718438,No local OneLab presence,DOST-ARMM,MAGUINDANAO,2.037116866130375,2.037116866130375,No local lab; nearest <= 50 km
DAVAO DEL NORTE,1125057,1,9,5,9.0,505.55555555555554,230.0,1400.0,0.08888438541336129,0.7999594687202515,0.4444219270668064,3245.328834432525,346.6696465588598,0.038461538461538464,0.006498194945848376,0.0036845983787767134,0.28901528248494673,0.04946283940382731,0.02907390194916563,0.08215181301195615,0.01872081303871008,0.14120602914534275,0.06343099997324607,Well-served per capita,TADECO Disease Diagnostics and Services Laboratory,DAVAO DEL NORTE,22.29144530006998,0.0,Local OneLab presence
DAVAO DEL SUR,2457430,2,65,65,32.5,1154.3846153846155,0.0,6000.0,0.08138583805032087,2.645039736635428,2.645039736635428,4262.531990860705,576.5188402735688,0.07692307692307693,0.04693140794223827,0.047899778924097275,0.26463310585991606,0.16354725561188646,0.17303742518317577,0.18109801167134315,0.059121749730945534,0.2058796296253562,0.12197626194039762,Potentially underserved,Mines and Geosciences Bureau,DAVAO DEL SUR,31.022704688701836,0.0,Local OneLab presence
DAVAO OCCIDENTAL,317159,0,0,0,0.0,,,,0.0,0.0,0.0,1960.498110141417,161.7747032549408,0.0,0.0,0.0,0.0,0.0,0.0,0.02215477314059772,0.0,0.0,0.02215477314059772,No local OneLab presence,Analytical Solutions & Technical Services,SOUTH COTABATO,40.22817367923651,40.22817367923651,No local lab; nearest <= 50 km
DAVAO ORIENTAL,576343,0,0,0,0.0,,,,0.0,0.0,0.0,4989.026692462559,115.52213197631137,0.0,0.0,0.0,0.0,0.0,0.0,0.04140259004572456,0.0,0.0,0.04140259004572456,No local OneLab presence,DOST-XI,DAVAO DEL SUR,77.46035611786856,77.46035611786856,No local lab; nearest 50-100 km
DINAGAT ISLANDS,128117,0,0,0,0.0,,,,0.0,0.0,0.0,803.6798536801276,159.4129794511333,0.0,0.0,0.0,0.0,0.0,0.0,0.008115921192256048,0.0,0.0,0.008115921192256048,No local OneLab presence,DOST-VIII,LEYTE,132.1756003391849,132.1756003391849,No local lab; nearest 100-200 km
EASTERN SAMAR,477168,0,0,0,0.0,,,,0.0,0.0,0.0,4249.746189763354,112.28152898857496,0.0,0.0,0.0,0.0,0.0,0.0,0.0340375434318674,0.0,0.0,0.0340375434318674,No local OneLab presence,DOST-VIII,LEYTE,67.85501567794391,67.85501567794391,No local lab; nearest 50-100 km
GUIMARAS,187842,0,0,0,0.0,,,,0.0,0.0,0.0,596.2106476334413,315.0597875861618,0.0,0.0,0.0,0.0,0.0,0.0,0.012551287050714519,0.0,0.0,0.012551287050714519,No local OneLab presence,DOST-VI,ILOILO,17.128128684738634,17.128128684738634,No local lab; nearest <= 50 km
IFUGAO,207498,0,0,0,0.0,,,,0.0,0.0,0.0,2506.6569250066627,82.77877915002209,0.0,0.0,0.0,0.0,0.0,0.0,0.014011003271959553,0.0,0.0,0.014011003271959553,No local OneLab presence,DOST-CAR,BENGUET,82.30505289684221,82.30505289684221,No local lab; nearest 50-100 km
ILOCOS NORTE,609588,0,0,0,0.0,,,,0.0,0.0,0.0,3271.7181211812344,186.32045225825013,0.0,0.0,0.0,0.0,0.0,0.0,0.043871468035920486,0.0,0.0,0.043871468035920486,No local OneLab presence,DOST-II,CAGAYAN,130.89455627935493,130.89455627935493,No local lab; nearest 100-200 km
ILOCOS SUR,706009,0,0,0,0.0,,,,0.0,0.0,0.0,2465.2760537497693,286.3813157662957,0.0,0.0,0.0,0.0,0.0,0.0,0.05103199397042738,0.0,0.0,0.05103199397042738,No local OneLab presence,DOST-I,LA UNION,78.81157253394643,78.81157253394643,No local lab; nearest 50-100 km
ILOILO,2509525,1,46,46,46.0,873.4782608695652,180.0,1920.0,0.03984817844014305,1.8330162082465806,1.8330162082465806,4720.20885746033,531.6554999539214,0.038461538461538464,0.0332129963898917,0.03389830508474576,0.1295698057069233,0.11333847510819248,0.11991517579145314,0.1849667497943468,0.035449474957521224,0.12114634748433696,0.1495172748368256,Potentially underserved,DOST-VI,ILOILO,33.919123042316016,0.0,Local OneLab presence
ISABELA,1697050,0,0,0,0.0,,,,0.0,0.0,0.0,10494.927365210971,161.70192903149126,0.0,0.0,0.0,0.0,0.0,0.0,0.12462980754485252,0.0,0.0,0.12462980754485252,No local OneLab presence,DOST-II,CAGAYAN,80.86582493686785,80.86582493686785,No local lab; nearest 50-100 km
KALINGA,229570,0,0,0,0.0,,,,0.0,0.0,0.0,2825.087653668844,81.26119545418896,0.0,0.0,0.0,0.0,0.0,0.0,0.01565013923224244,0.0,0.0,0.01565013923224244,No local OneLab presence,DOST-II,CAGAYAN,58.64025441250997,58.64025441250997,No local lab; nearest 50-100 km
LA UNION,822352,1,55,54,55.0,1096.490909090909,180.0,8000.0,0.12160242815728545,6.6881335486507,6.566531120493414,1412.57112605514,582.1667913435032,0.038461538461538464,0.039711191335740074,0.0397936624907885,0.3954008340305206,0.41353854609344715,0.42957979864632456,0.05967199012062636,0.03922782441706912,0.409491711778852,0.02044416570355724,Laboratory/service hotspot,DOST-I,LA UNION,12.5043236553367,0.0,Local OneLab presence
LAGUNA,3382193,7,547,517,78.14,384.1783088235294,0.0,10500.0,0.20696630854596412,16.172938682091765,15.285940216894778,1784.9305583863209,1894.859709868879,0.2692307692307692,0.39494584837545127,0.38098747236551217,0.6729688893172764,1.0,1.0,0.24977381305042445,0.34186814151559064,0.8691875557269106,-0.09209432846516619,Laboratory/service hotspot,International Rice Research Institute,LAGUNA,14.938213126578948,0.0,Local OneLab presence
LANAO DEL NORTE,1086017,0,0,0,0.0,,,,0.0,0.0,0.0,2636.3490971412057,411.9397545558936,0.0,0.0,0.0,0.0,0.0,0.0,0.07925258014273523,0.0,0.0,0.07925258014273523,No local OneLab presence,DOST-X,MISAMIS ORIENTAL,83.28016417644261,83.28016417644261,No local lab; nearest 50-100 km
LANAO DEL SUR,1195518,0,0,0,0.0,,,,0.0,0.0,0.0,3741.4585481979225,319.53260596080173,0.0,0.0,0.0,0.0,0.0,0.0,0.08738446790945037,0.0,0.0,0.08738446790945037,No local OneLab presence,DOST-ARMM,MAGUINDANAO,67.29973539420052,67.29973539420052,No local lab; nearest 50-100 km
LEYTE,2028728,1,20,20,20.0,807.38,350.0,1700.0,0.04929197014089617,0.9858394028179234,0.9858394028179234,5575.755828646248,363.8480705301186,0.038461538461538464,0.01444043321299639,0.014738393515106854,0.16027711288386945,0.060956108360785397,0.0644932132946801,0.14926125630503317,0.024108467372835313,0.10139193115679797,0.12515278893219786,Potentially underserved,DOST-VIII,LEYTE,36.02533989307384,0.0,Local OneLab presence
MAGUINDANAO,1667258,2,52,39,26.0,859.2307692307693,0.0,6000.0,0.1199574391006071,3.118893416615785,2.3391700624618386,4925.248620581247,338.51245458614846,0.07692307692307693,0.03754512635379061,0.028739867354458364,0.39005200954701275,0.1928464256201827,0.15302755533980644,0.12241736016678312,0.05153525478163869,0.2637648851348395,0.07088210538514443,Laboratory/service hotspot,DOST-XII-L1,MAGUINDANAO,24.5448665022151,0.0,Local OneLab presence
MARINDUQUE,239207,0,0,0,0.0,,,,0.0,0.0,0.0,921.4871265998031,259.58799976148373,0.0,0.0,0.0,0.0,0.0,0.0,0.016365813083694333,0.0,0.0,0.016365813083694333,No local OneLab presence,DOST-CALABARZON-L3,BATANGAS,110.36584460372416,110.36584460372416,No local lab; nearest 100-200 km
MASBATE,908920,0,0,0,0.0,,,,0.0,0.0,0.0,3989.237046990265,227.84306605338162,0.0,0.0,0.0,0.0,0.0,0.0,0.06610080136608526,0.0,0.0,0.06610080136608526,No local OneLab presence,DOST-V,ALBAY,101.97113789866353,101.97113789866353,No local lab; nearest 100-200 km
METROPOLITAN MANILA,13484462,26,1385,1357,53.27,1376.0582344428365,0.0,33000.0,0.19281451495803095,10.271080892956649,10.063434492232616,598.6501027938209,22524.780229836757,1.0,1.0,1.0,0.6269531059773341,0.6350782065556075,0.6583457968198784,1.0,1.0,0.6364816843771524,0.0,Laboratory/service hotspot,"Sentro sa Pagsusuri, Pagsasanay at Pangangasiwang Pang-Agham at Teknolohiyang Corporation",METROPOLITAN MANILA,2.1846125250777972,0.0,Local OneLab presence
MISAMIS OCCIDENTAL,617333,0,0,0,0.0,,,,0.0,0.0,0.0,1871.0578174936159,329.9379603495905,0.0,0.0,0.0,0.0,0.0,0.0,0.04444663603213247,0.0,0.0,0.04444663603213247,No local OneLab presence,DOST-X,MISAMIS ORIENTAL,105.84860315832522,105.84860315832522,No local lab; nearest 100-200 km
MISAMIS ORIENTAL,1685302,2,74,72,37.0,1336.0702702702702,0.0,19000.0,0.11867309241904418,4.3909044195046345,4.27223132708559,3378.49231257327,498.8325691102044,0.07692307692307693,0.053429602888086646,0.05305821665438467,0.38587584500186517,0.27149700532573384,0.2794876380821972,0.12375736421115356,0.06275271525534237,0.3188466677474791,0.06100464895581119,Laboratory/service hotspot,F.A.S.T. Laboratories (The First Analytical Services and Technical Cooperative) - Cagayan de Oro Branch,MISAMIS ORIENTAL,22.168175071867967,0.0,Local OneLab presence
MOUNTAIN PROVINCE,158200,0,0,0,0.0,,,,0.0,0.0,0.0,2112.497485116337,74.88766311657304,0.0,0.0,0.0,0.0,0.0,0.0,0.010349979143197968,0.0,0.0,0.010349979143197968,No local OneLab presence,DOST-II,CAGAYAN,94.5583415159965,94.5583415159965,No local lab; nearest 50-100 km
NEGROS OCCIDENTAL,3223955,1,17,15,17.0,0.0,0.0,0.0,0.031017802667841207,0.5273026453533005,0.4652670400176181,7658.79138967595,420.94827185734437,0.038461538461538464,0.01227436823104693,0.01105379513633014,0.10085707358405024,0.032604009433188585,0.030437580771340577,0.23802256277481537,0.022505121704300187,0.05947194936116365,0.21551744107051518,Potentially underserved,Negros Prawn Producers Cooperative Analytical and Diagnostic Laboratory,NEGROS OCCIDENTAL,44.682857358208636,0.0,Local OneLab presence
NEGROS ORIENTAL,1432990,0,0,0,0.0,,,,0.0,0.0,0.0,5133.555435697305,279.14181856017166,0.0,0.0,0.0,0.0,0.0,0.0,0.10501988358362115,0.0,0.0,0.10501988358362115,No local OneLab presence,Negros Prawn Producers Cooperative Analytical and Diagnostic Laboratory,NEGROS OCCIDENTAL,124.46242768195087,124.46242768195087,No local lab; nearest 100-200 km
NORTHERN SAMAR,639186,0,0,0,0.0,,,,0.0,0.0,0.0,3440.5196633447404,185.78181860428842,0.0,0.0,0.0,0.0,0.0,0.0,0.0460695083654082,0.0,0.0,0.0460695083654082,No local OneLab presence,DOST-VIII,LEYTE,142.0857802294151,142.0857802294151,No local lab; nearest 100-200 km
NUEVA ECIJA,2310134,0,0,0,0.0,,,,0.0,0.0,0.0,5457.194830623001,423.31895263051695,0.0,0.0,0.0,0.0,0.0,0.0,0.17015934864099574,0.0,0.0,0.17015934864099574,No local OneLab presence,DOST-III,PAMPANGA,75.45742893464347,75.45742893464347,No local lab; nearest 50-100 km
NUEVA VIZCAYA,497432,0,0,0,0.0,,,,0.0,0.0,0.0,4125.920522590471,120.56267135453349,0.0,0.0,0.0,0.0,0.0,0.0,0.03554241164041997,0.0,0.0,0.03554241164041997,No local OneLab presence,DOST-CAR,BENGUET,67.39461397371798,67.39461397371798,No local lab; nearest 50-100 km
OCCIDENTAL MINDORO,525354,0,0,0,0.0,,,,0.0,0.0,0.0,5971.967436619821,87.97000411933833,0.0,0.0,0.0,0.0,0.0,0.0,0.037615986952263876,0.0,0.0,0.037615986952263876,No local OneLab presence,DOST-CALABARZON-L3,BATANGAS,93.3689198058722,93.3689198058722,No local lab; nearest 50-100 km
ORIENTAL MINDORO,908339,0,0,0,0.0,,,,0.0,0.0,0.0,4115.267293351218,220.72418029019573,0.0,0.0,0.0,0.0,0.0,0.0,0.06605765448347724,0.0,0.0,0.06605765448347724,No local OneLab presence,DOST-CALABARZON-L3,BATANGAS,95.25654854193692,95.25654854193692,No local lab; nearest 50-100 km
PALAWAN,1246673,1,50,50,50.0,787.48,0.0,2350.0,0.08021349624159663,4.010674812079832,4.010674812079832,14388.498591668782,86.64371699781434,0.038461538461538464,0.036101083032490974,0.036845983787767135,0.2608211348658924,0.24798676918999496,0.2623767171120449,0.09118339868365619,0.037194245355165204,0.25599850504476396,0.05398915332849098,Laboratory/service hotspot,DOST-MIMAROPA,PALAWAN,22.630534590487926,0.0,Local OneLab presence
PAMPANGA,2900637,1,62,61,62.0,850.608870967742,0.0,4000.0,0.03447518596777191,2.1374615300018585,2.1029863440340866,2114.2383720673124,1371.953625628194,0.038461538461538464,0.044765342960288806,0.0449521002210759,0.11209905502366092,0.13216284139929757,0.13757651241562244,0.2140119538401134,0.04228117261294609,0.12522006105230787,0.1717307812271673,Potentially underserved,DOST-III,PAMPANGA,1.4325754740071126,0.0,Local OneLab presence
PANGASINAN,3163190,0,0,0,0.0,,,,0.0,0.0,0.0,5154.618712575104,613.6612960883306,0.0,0.0,0.0,0.0,0.0,0.0,0.23350996325385717,0.0,0.0,0.23350996325385717,No local OneLab presence,DOST-CAR,BENGUET,61.68240032790915,61.68240032790915,No local lab; nearest 50-100 km
QUEZON,2229383,0,0,0,0.0,,,,0.0,0.0,0.0,8400.969812363484,265.37209986388433,0.0,0.0,0.0,0.0,0.0,0.0,0.16416252606357623,0.0,0.0,0.16416252606357623,No local OneLab presence,International Rice Research Institute,LAGUNA,78.69626108502712,78.69626108502712,No local lab; nearest 50-100 km
QUIRINO,203828,0,0,0,0.0,,,,0.0,0.0,0.0,2768.011284490202,73.63698303619452,0.0,0.0,0.0,0.0,0.0,0.0,0.013738457559099904,0.0,0.0,0.013738457559099904,No local OneLab presence,DOST-CAR,BENGUET,113.76654586091198,113.76654586091198,No local lab; nearest 100-200 km
RIZAL,3330143,0,0,0,0.0,,,,0.0,0.0,0.0,1200.260388457896,2774.517123137417,0.0,0.0,0.0,0.0,0.0,0.0,0.24590841676858663,0.0,0.0,0.24590841676858663,No local OneLab presence,Philippine Institute of Pure and Applied Chemistry,METROPOLITAN MANILA,20.82298832533136,20.82298832533136,No local lab; nearest <= 50 km
ROMBLON,308985,0,0,0,0.0,,,,0.0,0.0,0.0,1309.6799564899272,235.92405035204982,0.0,0.0,0.0,0.0,0.0,0.0,0.021547746258604592,0.0,0.0,0.021547746258604592,No local OneLab presence,DOST-V,ALBAY,188.42489392400688,188.42489392400688,No local lab; nearest 100-200 km
SAMAR (WESTERN SAMAR),793183,0,0,0,0.0,,,,0.0,0.0,0.0,5382.383665894324,147.36649210386727,0.0,0.0,0.0,0.0,0.0,0.0,0.05750580867691978,0.0,0.0,0.05750580867691978,No local OneLab presence,DOST-VIII,LEYTE,76.20200494521318,76.20200494521318,No local lab; nearest 50-100 km
SARANGANI,558946,0,0,0,0.0,,,,0.0,0.0,0.0,3699.92227764252,151.0696598621914,0.0,0.0,0.0,0.0,0.0,0.0,0.040110634251005396,0.0,0.0,0.040110634251005396,No local OneLab presence,Analytical Solutions & Technical Services,SOUTH COTABATO,7.158627703286667,7.158627703286667,No local lab; nearest <= 50 km
SIQUIJOR,103395,0,0,0,0.0,,,,0.0,0.0,0.0,319.5777310993314,323.53631038159756,0.0,0.0,0.0,0.0,0.0,0.0,0.00627998791887287,0.0,0.0,0.00627998791887287,No local OneLab presence,"GCH Center For Food Safety and Quality, Inc.",CEBU,133.00326210983087,133.00326210983087,No local lab; nearest 100-200 km
SORSOGON,828655,0,0,0,0.0,,,,0.0,0.0,0.0,1986.41104614128,417.1618968841877,0.0,0.0,0.0,0.0,0.0,0.0,0.060140070673256975,0.0,0.0,0.060140070673256975,No local OneLab presence,DOST-V,ALBAY,40.77509703430037,40.77509703430037,No local lab; nearest <= 50 km
SOUTH COTABATO,975476,3,57,34,19.0,837.6140350877193,0.0,3920.0,0.30754216403068857,5.843301116583083,3.485477859014471,4119.409353806217,236.79996723284805,0.11538461538461539,0.04115523465703971,0.025055268975681652,1.0,0.3613011358939578,0.22801854577202574,0.07104345871352037,0.06762699381179837,0.5901241635119883,0.0034164649017219967,Laboratory/service hotspot,Analytical Solutions & Technical Services,SOUTH COTABATO,40.77901562100583,0.0,Local OneLab presence
SOUTHERN LEYTE,429573,0,0,0,0.0,,,,0.0,0.0,0.0,1655.4415122385615,259.4914992913959,0.0,0.0,0.0,0.0,0.0,0.0,0.030502989425449132,0.0,0.0,0.030502989425449132,No local OneLab presence,DOST-VIII,LEYTE,100.72923801510682,100.72923801510682,No local lab; nearest 100-200 km
SULTAN KUDARAT,854052,0,0,0,0.0,,,,0.0,0.0,0.0,4224.840824208812,202.15010116030555,0.0,0.0,0.0,0.0,0.0,0.0,0.062026131564127965,0.0,0.0,0.062026131564127965,No local OneLab presence,DOST-XII-L1,MAGUINDANAO,76.94277238081038,76.94277238081038,No local lab; nearest 50-100 km
SULU,1000108,0,0,0,0.0,,,,0.0,0.0,0.0,1515.753210297171,659.809257342047,0.0,0.0,0.0,0.0,0.0,0.0,0.07287270830457183,0.0,0.0,0.07287270830457183,No local OneLab presence,DOST-IX,ZAMBOANGA DEL SUR,156.02891072905712,156.02891072905712,No local lab; nearest 100-200 km
SURIGAO DEL NORTE,534636,0,0,0,0.0,,,,0.0,0.0,0.0,1972.7782047675082,271.00664368045716,0.0,0.0,0.0,0.0,0.0,0.0,0.03830529739007403,0.0,0.0,0.03830529739007403,No local OneLab presence,DOST-CARAGA,AGUSAN DEL NORTE,84.59624251641102,84.59624251641102,No local lab; nearest 50-100 km
SURIGAO DEL SUR,642255,0,0,0,0.0,,,,0.0,0.0,0.0,4698.242756892311,136.701110017743,0.0,0.0,0.0,0.0,0.0,0.0,0.04629742193291945,0.0,0.0,0.04629742193291945,No local OneLab presence,DOST-CARAGA,AGUSAN DEL NORTE,67.60820197529122,67.60820197529122,No local lab; nearest 50-100 km
TARLAC,1503456,0,0,0,0.0,,,,0.0,0.0,0.0,2971.645854423425,505.93377328662496,0.0,0.0,0.0,0.0,0.0,0.0,0.11025290979680046,0.0,0.0,0.11025290979680046,No local OneLab presence,DOST-III,PAMPANGA,51.655321394941154,51.655321394941154,No local lab; nearest 50-100 km
TAWI-TAWI,440276,0,0,0,0.0,,,,0.0,0.0,0.0,1153.7209440625886,381.61394422611374,0.0,0.0,0.0,0.0,0.0,0.0,0.03129782778096325,0.0,0.0,0.03129782778096325,No local OneLab presence,DOST-IX,ZAMBOANGA DEL SUR,305.80392038699443,305.80392038699443,No local lab; nearest > 200 km
ZAMBALES,909932,0,0,0,0.0,,,,0.0,0.0,0.0,3720.3965443246025,244.57930469484086,0.0,0.0,0.0,0.0,0.0,0.0,0.06617595566074846,0.0,0.0,0.06617595566074846,No local OneLab presence,DOST-III,PAMPANGA,62.61895062634227,62.61895062634227,No local lab; nearest 50-100 km
ZAMBOANGA DEL NORTE,1047455,0,0,0,0.0,,,,0.0,0.0,0.0,6284.121375330568,166.68280853262482,0.0,0.0,0.0,0.0,0.0,0.0,0.0763888450530094,0.0,0.0,0.0763888450530094,No local OneLab presence,DOST-IX,ZAMBOANGA DEL SUR,152.13214864661796,152.13214864661796,No local lab; nearest 100-200 km
ZAMBOANGA DEL SUR,2027902,1,70,70,70.0,934.1571428571428,0.0,3250.0,0.04931204762360312,3.451843333652218,3.451843333652218,5360.045187263873,378.33673582053837,0.038461538461538464,0.05054151624548736,0.051584377302873984,0.16034239655893961,0.2134332789794369,0.22581818878482005,0.14919991495385548,0.045918097343385124,0.19467390797231465,0.10328181761047037,Laboratory/service hotspot,DOST-IX,ZAMBOANGA DEL SUR,134.03351238444955,0.0,Local OneLab presence
ZAMBOANGA SIBUGAY,669840,0,0,0,0.0,,,,0.0,0.0,0.0,2725.8289811356603,245.73808725187337,0.0,0.0,0.0,0.0,0.0,0.0,0.04834597056758796,0.0,0.0,0.04834597056758796,No local OneLab presence,DOST-IX,ZAMBOANGA DEL SUR,114.30418797470747,114.30418797470747,No local lab; nearest 100-200 km
